Họ và tên, Giới tính, Ngày sinh, Địa chỉ
Đỗ Hữu Ðịnh, Nam, 23/02/2006, Hoài Ân-Bình Định
Lê Tú Tâm, Nữ, 20/10/2006, Hoài Ân-Bình Định
Bùi Hải Long, Nam, 23/02/2006, Hoài Ân-Bình Định
Đỗ Danh Sơn, Nam, 23/02/2006, Hoài Ân-Bình Định
Trần Minh Hào, Nam, 10/10/2006, Hoài Ân-Bình Định
Nguyễn Tuấn Vũ, Nam, 23/02/2006, Hoài Ân-Bình Định
Lê Thanh Tâm, Nữ, 20/10/2006, Hoài Ân-Bình Định
Đỗ Minh Quân, Nam, 23/02/2006, Hoài Ân-Bình Định
Nguyễn Hiếu Phong, Nam, 23/02/2006, Hoài Ân-Bình Định
Lê Thanh Thảo, Nữ, 20/10/2006, Hoài Ân-Bình Định
Nguyễn Thanh Uyên, Nữ, 14/03/02, Hoài Ân-Bình Định
Bùi Công Tuấn, Nam, 23/02/2006, Hoài Ân-Bình Định
Nguyễn Ngọc Hiển, Nam, 23/02/2006, Hoài Ân-Bình Định
Nguyễn Ái Thy, Nữ, 14/03/02, Hoài Ân-Bình Định
Trần Hoài Tín, Nam, 10/10/2006, Hoài Ân-Bình Định
Nguyễn Bảo Long, Nam, 10/10/2006, Hoài Ân-Bình Định
Phạm Quỳnh Tiên, Nữ, 14/03/02, Hoài Ân-Bình Định
Lê Anh Thy, Nữ, 20/10/2006, Hoài Ân-Bình Định
Nguyễn Tường Nguyên, Nam, 10/10/2006, Hoài Ân-Bình Định
Nguyễn Minh Vân, Nữ, 14/03/02, Hoài Ân-Bình Định
Lê Thu Hà, Nữ, 20/10/2006, Hoài Ân-Bình Định
Nguyễn Quang Danh, Nam, 10/10/2006, Hoài Ân-Bình Định
Nguyễn Linh Đan, Nữ, 14/03/02, Hoài Ân-Bình Định
Lê Mai Thảo, Nữ, 20/10/2006, Hoài Ân-Bình Định
Nguyễn Duy Thắng, Nam, 10/10/2006, Hoài Ân-Bình Định
Nguyễn Thái Vân, Nữ, 14/03/02, Hoài Ân-Bình Định
Nguyễn Hồng Giang, Nữ, 14/03/02, Hoài Ân-Bình Định
Phạm Thu Oanh, Nữ, 14/03/02, Hoài Ân-Bình Định
Bùi Trung Hiếu, Nam, 23/02/2006, Hoài Ân-Bình Định
Nguyễn Anh Thái, Nam, 10/10/2006, Hoài Ân-Bình Định
Nguyễn Ngọc Khánh, Nữ, 14/03/02, Hoài Ân-Bình Định
Phạm Thuỵ Miên, Nữ, 14/03/02, Hoài Ân-Bình Định
Nguyễn Thuận Thành, Nam, 10/10/2006, Hoài Ân-Bình Định
Bùi Ðình Diệu, Nam, 23/02/2006, Hoài Ân-Bình Định
Đỗ Tuấn Hùng, Nam, 23/02/2006, Hoài Ân-Bình Định
Đỗ Gia Huy, Nam, 23/02/2006, Hoài Ân-Bình Định
Đỗ Nam Phi, Nam, 23/02/2006, Hoài Ân-Bình Định
Nguyễn Thiên Phú, Nam, 23/02/2006, Hoài Ân-Bình Định
Bùi Việt Khải, Nam, 23/02/2006, Hoài Ân-Bình Định
Lê Oanh, Nữ, 20/10/2006, Hoài Ân-Bình Định
Phạm Bạch Hoa, Nữ, 14/03/02, Hoài Ân-Bình Định
Lê Cát Tiên, Nữ, 20/10/2006, Hoài Ân-Bình Định
Bùi Hữu Hiệp, Nam, 23/02/2006, Hoài Ân-Bình Định
Nguyễn Thiện Thanh, Nam, 23/02/2006, Hoài Ân-Bình Định
Nguyễn Kim Thông, Nam, 23/02/2006, Hoài Ân-Bình Định
Phạm Thục Oanh, Nữ, 14/03/02, Hoài Ân-Bình Định
Nguyễn Thục Quyên, Nữ, 20/10/2006, Hoài Ân-Bình Định
Lê Minh Châu, Nữ, 20/10/2006, Hoài Ân-Bình Định
Trần Phước Nhân, Nam, 10/10/2006, Hoài Ân-Bình Định
Lê Ánh Dương, Nữ, 20/10/2006, Hoài Ân-Bình Định
Đỗ Thế Sơn, Nam, 23/02/2006, Hoài Ân-Bình Định
Lê Oanh, Nữ, 20/10/2006, Hoài Ân-Bình Định
Nguyễn Thành Ðạt, Nam, 10/10/2006, Hoài Ân-Bình Định
Trần Khải Ca, Nam, 10/10/2006, Hoài Ân-Bình Định
Nguyễn Bảo Lan, Nữ, 14/03/02, Hoài Ân-Bình Định
Nguyễn Hòa Giang, Nam, 10/10/2006, Hoài Ân-Bình Định
Nguyễn Đăng Khương, Nam, 10/10/2006, Hoài Ân-Bình Định
Bùi Kim Tuấn, Nam, 23/02/2006, Hoài Ân-Bình Định
Nguyễn Thắng Lợi, Nam, 10/10/2006, Hoài Ân-Bình Định
Nguyễn Bích Phượng, Nữ, 20/10/2006, Hoài Ân-Bình Định
Nguyễn Quang Đạt, Nam, 10/10/2006, Hoài Ân-Bình Định
Phạm Anh Mai, Nữ, 14/03/02, Hoài Ân-Bình Định
Bùi Duy Hoàng, Nam, 23/02/2006, Hoài Ân-Bình Định
Bùi Anh Kiệt, Nam, 23/02/2006, Hoài Ân-Bình Định
Nguyễn Vũ Uy, Nam, 23/02/2006, Hoài Ân-Bình Định
Phạm Kim Cương, Nữ, 14/03/02, Hoài Ân-Bình Định
Nguyễn Tuấn Linh, Nam, 23/02/2006, Hoài Ân-Bình Định
Lê Gia Bảo, Nữ, 20/10/2006, Hoài Ân-Bình Định
Bùi Ðức Trí, Nam, 23/02/2006, Hoài Ân-Bình Định
Nguyễn Thanh Tuấn, Nam, 23/02/2006, Hoài Ân-Bình Định
Lê Như, Nữ, 20/10/2006, Hoài Ân-Bình Định
Lê Thùy Giang, Nữ, 20/10/2006, Hoài Ân-Bình Định
Phạm Thục Khuê, Nữ, 14/03/02, Hoài Ân-Bình Định
Nguyễn Bảo Chấn, Nam, 23/02/2006, Hoài Ân-Bình Định
Nguyễn Kim Bảo, Nam, 10/10/2006, Hoài Ân-Bình Định
Nguyễn Diễm Khuê, Nữ, 14/03/02, Hoài Ân-Bình Định
Đỗ Khánh Phi, Nam, 23/02/2006, Hoài Ân-Bình Định
Nguyễn Khánh Ngân, Nữ, 20/10/2006, Hoài Ân-Bình Định
Nguyễn Hoàng Sa, Nữ, 14/03/02, Hoài Ân-Bình Định
Bùi Nguyên Ðan, Nam, 23/02/2006, Hoài Ân-Bình Định
Nguyễn Thủy Tiên, Nữ, 20/10/2006, Hoài Ân-Bình Định
Nguyễn Duy Minh, Nam, 23/02/2006, Hoài Ân-Bình Định
Đỗ Tường Lĩnh, Nam, 23/02/2006, Hoài Ân-Bình Định
Nguyễn Khải Tâm, Nam, 10/10/2006, Hoài Ân-Bình Định
Đỗ Hữu Châu, Nam, 23/02/2006, Hoài Ân-Bình Định
Nguyễn Yến Thảo, Nữ, 14/03/02, Hoài Ân-Bình Định
Nguyễn Hải Châu, Nữ, 20/10/2006, Hoài Ân-Bình Định
Phạm Thị Trinh, Nữ, 14/03/02, Hoài Ân-Bình Định
Phạm Tâm Nguyệt, Nữ, 14/03/02, Hoài Ân-Bình Định
Phạm Mỹ Duyên, Nữ, 14/03/02, Hoài Ân-Bình Định
Lê Ánh Thơ, Nữ, 20/10/2006, Hoài Ân-Bình Định
Nguyễn Hoàng Lan, Nữ, 20/10/2006, Hoài Ân-Bình Định
Lê Thanh Hà, Nữ, 20/10/2006, Hoài Ân-Bình Định
Trần Kim Long, Nam, 10/10/2006, Hoài Ân-Bình Định
Đỗ Gia Khiêm, Nam, 23/02/2006, Hoài Ân-Bình Định
Nguyễn Hạnh Ngân, Nữ, 20/10/2006, Hoài Ân-Bình Định
Nguyễn Cao Phong, Nam, 23/02/2006, Hoài Ân-Bình Định
Nguyễn Thuận Toàn, Nam, 23/02/2006, Hoài Ân-Bình Định
Lê Khánh Ngân, Nữ, 20/10/2006, Hoài Ân-Bình Định
Trần Ðình Cường, Nam, 10/10/2006, Hoài Ân-Bình Định
Nguyễn Anh Tài, Nam, 10/10/2006, Hoài Ân-Bình Định
Nguyễn Thuỳ Trang, Nữ, 20/10/2006, Hoài Ân-Bình Định
Nguyễn Huy Khiêm, Nam, 10/10/2006, Hoài Ân-Bình Định
Nguyễn Khả Ái, Nữ, 20/10/2006, Hoài Ân-Bình Định
Nguyễn Duy Cường, Nam, 10/10/2006, Hoài Ân-Bình Định
Đỗ Quang Ninh, Nam, 23/02/2006, Hoài Ân-Bình Định
Nguyễn Nguyệt Lan, Nữ, 20/10/2006, Hoài Ân-Bình Định
Đỗ Thanh Liêm, Nam, 23/02/2006, Hoài Ân-Bình Định
Nguyễn Thu Sương, Nữ, 20/10/2006, Hoài Ân-Bình Định
Nguyễn Thùy My, Nữ, 20/10/2006, Hoài Ân-Bình Định
Lê Thanh Lam, Nữ, 20/10/2006, Hoài Ân-Bình Định
Lê Anh Phương, Nữ, 20/10/2006, Hoài Ân-Bình Định
Nguyễn Phương Tâm, Nữ, 14/03/02, Hoài Ân-Bình Định
Nguyễn Lan Anh, Nữ, 14/03/02, Hoài Ân-Bình Định
Nguyễn Nam Hải, Nam, 10/10/2006, Hoài Ân-Bình Định
Đỗ Xuân Sơn, Nam, 23/02/2006, Hoài Ân-Bình Định
Nguyễn Thiên Hà, Nữ, 14/03/02, Hoài Ân-Bình Định
Lê Thạch Thảo, Nữ, 20/10/2006, Hoài Ân-Bình Định
Bùi Huy Lâm, Nam, 23/02/2006, Hoài Ân-Bình Định
Trần An Nguyên, Nam, 10/10/2006, Hoài Ân-Bình Định
Lê Xuân Thảo, Nữ, 20/10/2006, Hoài Ân-Bình Định
Nguyễn Ðức Tài, Nam, 10/10/2006, Hoài Ân-Bình Định
Đỗ Quốc Hiệp, Nam, 23/02/2006, Hoài Ân-Bình Định
Bùi Quang Thắng, Nam, 23/02/2006, Hoài Ân-Bình Định
Nguyễn Tuấn Thành, Nam, 10/10/2006, Hoài Ân-Bình Định
Nguyễn Đức Cao, Nam, 10/10/2006, Hoài Ân-Bình Định
Bùi Việt Phương, Nam, 23/02/2006, Hoài Ân-Bình Định
Trần Ngọc Khang, Nam, 10/10/2006, Hoài Ân-Bình Định
Bùi Quang Tú, Nam, 23/02/2006, Hoài Ân-Bình Định
Nguyễn Quang Khải, Nam, 10/10/2006, Hoài Ân-Bình Định
Lê Vân Thúy, Nữ, 20/10/2006, Hoài Ân-Bình Định
Lê Tùy Anh, Nữ, 20/10/2006, Hoài Ân-Bình Định
Trần Quang Thái, Nam, 10/10/2006, Hoài Ân-Bình Định
Nguyễn Ðông Hải, Nam, 23/02/2006, Hoài Ân-Bình Định
Lê Bình Yên, Nữ, 20/10/2006, Hoài Ân-Bình Định
Nguyễn Thạch Thảo, Nữ, 20/10/2006, Hoài Ân-Bình Định
Nguyễn Hồng Quế, Nữ, 20/10/2006, Hoài Ân-Bình Định
Nguyễn Hữu Lương, Nam, 10/10/2006, Hoài Ân-Bình Định
Nguyễn Lien, Nữ, 20/10/2006, Hoài Ân-Bình Định
Trần Thiên Ân, Nam, 10/10/2006, Hoài Ân-Bình Định
Đỗ Hoàng Dũng, Nam, 23/02/2006, Hoài Ân-Bình Định
Nguyễn Nguyệt Cầm, Nữ, 20/10/2006, Hoài Ân-Bình Định
Nguyễn Chí Công, Nam, 10/10/2006, Hoài Ân-Bình Định
Nguyễn Nam Phương, Nam, 23/02/2006, Hoài Ân-Bình Định
Nguyễn Phúc Hưng, Nam, 10/10/2006, Hoài Ân-Bình Định
Lê Gia Hân, Nữ, 20/10/2006, Hoài Ân-Bình Định
Phạm Tố Loan, Nữ, 14/03/02, Hoài Ân-Bình Định
Bùi Lâm Dũng, Nam, 23/02/2006, Hoài Ân-Bình Định
Trần Hưng Ðạo, Nam, 10/10/2006, Hoài Ân-Bình Định
Lê Minh Ngân, Nữ, 20/10/2006, Hoài Ân-Bình Định
Lê Vân Anh, Nữ, 20/10/2006, Hoài Ân-Bình Định
Trần Thành Nguyên, Nam, 10/10/2006, Hoài Ân-Bình Định
Phạm Trần Tuyền, Nữ, 14/03/02, Hoài Ân-Bình Định
Đỗ Công Bằng, Nam, 23/02/2006, Hoài Ân-Bình Định
Nguyễn Bảo Tiên, Nữ, 14/03/02, Hoài Ân-Bình Định
Phạm Anh Thi, Nữ, 14/03/02, Hoài Ân-Bình Định
Nguyễn Yến Ðan, Nữ, 14/03/02, Hoài Ân-Bình Định
Nguyễn Vân Khanh, Nữ, 20/10/2006, Hoài Ân-Bình Định
Nguyễn Trường Nhân, Nam, 10/10/2006, Hoài Ân-Bình Định
Nguyễn Trường An, Nam, 23/02/2006, Hoài Ân-Bình Định
Bùi Hữu Hạnh, Nam, 23/02/2006, Hoài Ân-Bình Định
Bùi Tuấn Khang, Nam, 23/02/2006, Hoài Ân-Bình Định
Lê Thương Huyền, Nữ, 20/10/2006, Hoài Ân-Bình Định
Trần Ðại Ngọc, Nam, 10/10/2006, Hoài Ân-Bình Định
Trần Khởi Phong, Nam, 10/10/2006, Hoài Ân-Bình Định
Lê Thục Quyên, Nữ, 20/10/2006, Hoài Ân-Bình Định
Phạm Tuyết Xuân, Nữ, 14/03/02, Hoài Ân-Bình Định
Nguyễn Công Hậu, Nam, 10/10/2006, Hoài Ân-Bình Định
Phạm Kiều Hương Giang, Nữ, 14/03/02, Hoài Ân-Bình Định
Nguyễn Duy Bảo, Nam, 10/10/2006, Hoài Ân-Bình Định
Nguyễn Đại Dương, Nam, 10/10/2006, Hoài Ân-Bình Định
Đỗ Minh Nghĩa, Nam, 23/02/2006, Hoài Ân-Bình Định
Lê Yến Mai, Nữ, 20/10/2006, Hoài Ân-Bình Định
Phạm Thanh Thủy, Nữ, 14/03/02, Hoài Ân-Bình Định
Nguyễn Bảo Quốc, Nam, 10/10/2006, Hoài Ân-Bình Định
Trần Thanh Minh, Nam, 10/10/2006, Hoài Ân-Bình Định
Lê Tâm Nguyên, Nữ, 20/10/2006, Hoài Ân-Bình Định
Lê Thanh Nhàn, Nữ, 20/10/2006, Hoài Ân-Bình Định
Lê Hân, Nữ, 20/10/2006, Hoài Ân-Bình Định
Nguyễn Mỹ Ngọc, Nữ, 20/10/2006, Hoài Ân-Bình Định
Nguyễn Hoàng Linh, Nam, 23/02/2006, Hoài Ân-Bình Định
Nguyễn Trọng Hà, Nam, 10/10/2006, Hoài Ân-Bình Định
Nguyễn Dương Anh, Nam, 10/10/2006, Hoài Ân-Bình Định
Bùi Hữu Trí, Nam, 23/02/2006, Hoài Ân-Bình Định
Phạm Quỳnh Lâm, Nữ, 14/03/02, Hoài Ân-Bình Định
Nguyễn Ðình Trung, Nam, 10/10/2006, Hoài Ân-Bình Định
Nguyễn Quỳnh, Nữ, 14/03/02, Hoài Ân-Bình Định
Lê Tuyết, Nữ, 20/10/2006, Hoài Ân-Bình Định
Đỗ Hùng Sơn, Nam, 23/02/2006, Hoài Ân-Bình Định
Nguyễn Chí Khiêm, Nam, 10/10/2006, Hoài Ân-Bình Định
Nguyễn Tường Minh, Nam, 10/10/2006, Hoài Ân-Bình Định
Phạm Huyen, Nữ, 14/03/02, Hoài Ân-Bình Định
Lê Bích Khuê, Nữ, 20/10/2006, Hoài Ân-Bình Định
Trần Vĩnh Ân, Nam, 10/10/2006, Hoài Ân-Bình Định
Trần Minh Khánh, Nam, 10/10/2006, Hoài Ân-Bình Định
Nguyễn Hồ Nam, Nam, 10/10/2006, Hoài Ân-Bình Định
Đỗ Mạnh Dũng, Nam, 23/02/2006, Hoài Ân-Bình Định
Nguyễn Duy Minh, Nam, 23/02/2006, Hoài Ân-Bình Định
Lê Nhã Hương, Nữ, 20/10/2006, Hoài Ân-Bình Định
Nguyễn Vương Triều, Nam, 23/02/2006, Hoài Ân-Bình Định
Phạm Mỹ Anh, Nữ, 14/03/02, Hoài Ân-Bình Định
Lê Thùy My, Nữ, 20/10/2006, Hoài Ân-Bình Định
Nguyễn Bảo Thanh, Nữ, 14/03/02, Hoài Ân-Bình Định
Nguyễn Thái Sang, Nam, 23/02/2006, Hoài Ân-Bình Định
Nguyễn Công Hậu, Nam, 10/10/2006, Hoài Ân-Bình Định
Nguyễn Tôn Lễ, Nam, 10/10/2006, Hoài Ân-Bình Định
Nguyễn Tuyết, Nữ, 14/03/02, Hoài Ân-Bình Định
Lê Thúy An, Nữ, 20/10/2006, Hoài Ân-Bình Định
Lê Nhã Phương, Nữ, 20/10/2006, Hoài Ân-Bình Định
Bùi Khắc Thành, Nam, 23/02/2006, Hoài Ân-Bình Định
Nguyễn Tiến Hoạt, Nam, 10/10/2006, Hoài Ân-Bình Định
Nguyễn Phước An, Nam, 10/10/2006, Hoài Ân-Bình Định
Nguyễn Diệu Linh, Nữ, 20/10/2006, Hoài Ân-Bình Định
Trần Hữu Cường, Nam, 10/10/2006, Hoài Ân-Bình Định
Trần Mạnh Cường, Nam, 10/10/2006, Hoài Ân-Bình Định
Lê Thiên Bình, Nữ, 20/10/2006, Hoài Ân-Bình Định
Nguyễn Vân Nhi, Nữ, 14/03/02, Hoài Ân-Bình Định
Nguyễn Mai Ngọc Lan, Nữ, 20/10/2006, Hoài Ân-Bình Định
Nguyễn Mạnh Quỳnh, Nam, 10/10/2006, Hoài Ân-Bình Định
Trần Nguyên Khôi, Nam, 10/10/2006, Hoài Ân-Bình Định